{
    "start_version": "0",
    "end_version": "0",
    "case_version": 1,
    "case_type": "Webview",
    "case_description": "xxx vulnerability in System",
    "case_id": "CVE_201x_xxxx",
    "bit_range": [32, 64],
    "case_extra": [],
    "methods": [
        {
            "log_type": ["logcat"],
            "vul_description": "Out of bounds access in Chrome v8",
            "method_type": "HTML_POC",
            "sdk_range": [],
            "blocks": [
                {
                    "need_reboot": false,
                    "test_level": ["no_crash"],
                    "ret_of_crash": "Unknown",
                    "time_out": 30,
                    "fork": true,
                    "function_name": "CVE_201x_xxxx_BLOCK0"
                }
            ]
        }
    ]
}
