{
    "case_id": "CVE_201x_xxxx",
    "start_version": "0.0.0",
    "end_version": "0.0.0",
    "case_version": 1,
    "case_description": "xxx vulnerability in xxx",
    "case_type": "Framework",
    "case_extra": ["xxx"],
    "bit_range": [32, 64],
    "methods": [
        {
            "log_type": ["logcat", "library"],
            "sdk_range": [],
            "vul_description": "Symbols are different!",
            "method_type": "ELF_SYMBOL",
            "blocks": [
                {
                    "need_reboot": false,
                    "function_name": "CVE_201x_xxxx_BLOCK0",
                    "fork": true,
                    "test_level": ["no_crash"],
                    "ret_of_crash": "Patched",
                    "time_out": 30
                }
            ]
        }
    ]
}
