{
    "start_version": "x.x.x",
    "end_version": "x.x.x",
    "case_version": 1,
    "case_type": "Framework",
    "case_description": "xxx vulnerability in xxx",
    "case_id": "CVE_201x_xxxx",
    "bit_range": [32, 64],
    "case_extra": [],
    "methods": [
        {
            "log_type": ["logcat"],
            "vul_description": "Particular string(s) missing!",
            "method_type": "JAVA_STRING",
            "sdk_range": [],
            "blocks": [
                {
                    "need_reboot": false,
                    "test_level": ["no_crash"],
                    "ret_of_crash": "Unknown",
                    "time_out": 30,
                    "fork": true,
                    "function_name": "CVE_201x_xxxx_BLOCK0"
                }
            ]
        }
    ]
}
