{
    "case_id": "CVE_201x_xxxx",
    "case_type": "Framework",
    "case_extra": ["xxx.so"],
    "start_version": "0.0.0",
    "end_version": "0.0.0",
    "case_version": 1,
    "bit_range": [32, 64],
    "case_description": " vulnerability in xxx",
    "methods": [
        {
            "sdk_range": [],
            "method_type": "ELF_DISASSEMBLE",
            "log_type": ["logcat", "library"],
            "vul_description": "Binary instructions are different!",
            "blocks": [
                {
                    "function_name": "CVE_201x_xxxx_BLOCK0",
                    "fork": true,
                    "time_out": 30,
                    "need_reboot": false,
                    "test_level": ["no_crash"],
                    "ret_of_crash": "Patched"
                }
            ]
        }
    ]
}
