{
    "case_id": "CVE_201x_xxxx",
    "start_version": "x.0.0",
    "end_version": "x.0.0",
    "case_version": 1,
    "case_description": "xxx vulnerability in kernel xxx",
    "case_type": "Kernel",
    "case_extra": [],
    "bit_range": [32, 64],
    "methods": [
        {
            "log_type": ["logcat", "kallsyms"],
            "sdk_range": [],
            "vul_description": "Kernel symbols are different!",
            "method_type": "KERNEL_SYMBOL",
            "blocks": [
                {
                    "need_reboot": false,
                    "function_name": "CVE_201x_xxxx_BLOCK0",
                    "fork": true,
                    "test_level": ["no_crash"],
                    "ret_of_crash": "Unknown",
                    "time_out": 30
                }
            ]
        }
    ]
}
