{
    "start_version": "0.0.0",
    "end_version": "0.0.0",
    "case_version": 1,
    "case_type": "Framework",
    "case_description": "xxx Vulnerability in xxx",
    "case_id": "CVE_201x_xxxx",
    "case_extra": [],
    "bit_range": [32, 64],
    "methods": [
        {
            "log_type": ["logcat"],
            "vul_description": "Java method does not exists!",
            "method_type": "JAVA_REFLECTION",
            "sdk_range": [],
            "blocks": [
                {
                    "need_reboot": false,
                    "test_level": ["no_crash"],
                    "ret_of_crash": "Patched",
                    "time_out": 30,
                    "function_name": "CVE_201x_xxxx_BLOCK0",
                    "fork": true
                }
            ]
        }
    ]
}
